filter_name,type,structure,cutoff,order,signal,MAE
butter,q24,DF1,1000,2,impulse,3.51168185e-06
butter,q24,DF1,1000,2,rand,1.77616698e-06
butter,q12,DF1,1000,2,impulse,1.46030236e-02
butter,q12,DF1,1000,2,rand,6.01477706e-03
butter,q24,DF2,1000,2,impulse,3.41638698e-09
butter,q24,DF2,1000,2,rand,6.52917322e-07
butter,q12,DF2,1000,2,impulse,3.78223896e-06
butter,q12,DF2,1000,2,rand,9.49796639e-02
butter,q24,TDF2,1000,2,impulse,3.51168185e-06
butter,q24,TDF2,1000,2,rand,1.57109415e-06
butter,q12,TDF2,1000,2,impulse,1.46030236e-02
butter,q12,TDF2,1000,2,rand,6.32666099e-03
butter,q24,DF1,2000,2,impulse,1.12937634e-06
butter,q24,DF1,2000,2,rand,5.04946673e-07
butter,q12,DF1,2000,2,impulse,4.86840988e-03
butter,q12,DF1,2000,2,rand,1.97086494e-03
butter,q24,DF2,2000,2,impulse,6.74536859e-10
butter,q24,DF2,2000,2,rand,6.64293894e-08
butter,q12,DF2,2000,2,impulse,5.06611801e-06
butter,q12,DF2,2000,2,rand,4.66698923e-02
butter,q24,TDF2,2000,2,impulse,1.12937634e-06
butter,q24,TDF2,2000,2,rand,5.19263925e-07
butter,q12,TDF2,2000,2,impulse,4.86840988e-03
butter,q12,TDF2,2000,2,rand,2.32047272e-03
butter,q24,DF1,5000,2,impulse,2.38024493e-07
butter,q24,DF1,5000,2,rand,1.72521233e-07
butter,q12,DF1,5000,2,impulse,9.75391346e-04
butter,q12,DF1,5000,2,rand,5.98723407e-04
butter,q24,DF2,5000,2,impulse,5.11182776e-10
butter,q24,DF2,5000,2,rand,1.40867739e-07
butter,q12,DF2,5000,2,impulse,1.18727507e-06
butter,q12,DF2,5000,2,rand,5.45549619e-04
butter,q24,TDF2,5000,2,impulse,2.38024493e-07
butter,q24,TDF2,5000,2,rand,2.06826983e-07
butter,q12,TDF2,5000,2,impulse,9.75391346e-04
butter,q12,TDF2,5000,2,rand,6.10243074e-04
butter,q24,DF1,1000,4,impulse,4.74289868e-04
butter,q24,DF1,1000,4,rand,1.44610889e-04
butter,q12,DF1,1000,4,impulse,3.17538625e-04
butter,q12,DF1,1000,4,rand,4.54221926e-02
butter,q24,DF2,1000,4,impulse,1.85789618e-02
butter,q24,DF2,1000,4,rand,6.53661947e-02
butter,q12,DF2,1000,4,impulse,3.17538625e-04
butter,q12,DF2,1000,4,rand,5.54840709e-02
butter,q24,TDF2,1000,4,impulse,4.74289868e-04
butter,q24,TDF2,1000,4,rand,1.25389925e-04
butter,q12,TDF2,1000,4,impulse,3.17538625e-04
butter,q12,TDF2,1000,4,rand,1.10549169e-01
butter,q24,DF1,2000,4,impulse,3.51372667e-05
butter,q24,DF1,2000,4,rand,1.28053483e-05
butter,q12,DF1,2000,4,impulse,1.42229804e-01
butter,q12,DF1,2000,4,rand,4.81936268e-02
butter,q24,DF2,2000,4,impulse,1.93413256e-08
butter,q24,DF2,2000,4,rand,3.04491498e-01
butter,q12,DF2,2000,4,impulse,1.38415432e-02
butter,q12,DF2,2000,4,rand,9.69139497e-02
butter,q24,TDF2,2000,4,impulse,3.51372667e-05
butter,q24,TDF2,2000,4,rand,1.41730256e-05
butter,q12,TDF2,2000,4,impulse,1.42229804e-01
butter,q12,TDF2,2000,4,rand,4.35984741e-02
butter,q24,DF1,5000,4,impulse,1.25114995e-06
butter,q24,DF1,5000,4,rand,6.76449898e-07
butter,q12,DF1,5000,4,impulse,4.75531932e-03
butter,q12,DF1,5000,4,rand,2.51507534e-03
butter,q24,DF2,5000,4,impulse,1.41778893e-09
butter,q24,DF2,5000,4,rand,5.14621425e-07
butter,q12,DF2,5000,4,impulse,4.95131666e-06
butter,q12,DF2,5000,4,rand,1.29423541e-01
butter,q24,TDF2,5000,4,impulse,1.25114995e-06
butter,q24,TDF2,5000,4,rand,4.02406510e-07
butter,q12,TDF2,5000,4,impulse,4.75531932e-03
butter,q12,TDF2,5000,4,rand,2.04331972e-03
butter,q24,DF1,1000,6,impulse,4.43297772e-02
butter,q24,DF1,1000,6,rand,8.35122285e-03
butter,q12,DF1,1000,6,impulse,3.61509991e-04
butter,q12,DF1,1000,6,rand,6.03012354e-02
butter,q24,DF2,1000,6,impulse,6.49845540e-04
butter,q24,DF2,1000,6,rand,7.23992106e-02
butter,q12,DF2,1000,6,impulse,3.61509991e-04
butter,q12,DF2,1000,6,rand,4.62763997e-02
butter,q24,TDF2,1000,6,impulse,4.43297772e-02
butter,q24,TDF2,1000,6,rand,9.74559225e-03
butter,q12,TDF2,1000,6,impulse,3.61509991e-04
butter,q12,TDF2,1000,6,rand,1.08989227e-01
butter,q24,DF1,2000,6,impulse,8.88029402e-04
butter,q24,DF1,2000,6,rand,2.99514927e-04
butter,q12,DF1,2000,6,impulse,3.63210259e-04
butter,q12,DF1,2000,6,rand,1.08058280e-01
butter,q24,DF2,2000,6,impulse,1.89319189e-02
butter,q24,DF2,2000,6,rand,1.24977632e-01
butter,q12,DF2,2000,6,impulse,3.63210259e-04
butter,q12,DF2,2000,6,rand,1.34087893e-01
butter,q24,TDF2,2000,6,impulse,8.88029402e-04
butter,q24,TDF2,2000,6,rand,2.12415130e-04
butter,q12,TDF2,2000,6,impulse,3.63210259e-04
butter,q12,TDF2,2000,6,rand,1.57081787e-01
butter,q24,DF1,5000,6,impulse,6.35861809e-06
butter,q24,DF1,5000,6,rand,1.97906637e-06
butter,q12,DF1,5000,6,impulse,2.61005688e-02
butter,q12,DF1,5000,6,rand,1.10867801e-02
butter,q24,DF2,5000,6,impulse,5.38088889e-09
butter,q24,DF2,5000,6,rand,2.09633696e-06
butter,q12,DF2,5000,6,impulse,1.52028516e-02
butter,q12,DF2,5000,6,rand,2.46813984e-01
butter,q24,TDF2,5000,6,impulse,6.35861809e-06
butter,q24,TDF2,5000,6,rand,2.11504265e-06
butter,q12,TDF2,5000,6,impulse,2.61005688e-02
butter,q12,TDF2,5000,6,rand,9.38980056e-03
butter,q24,DF1,1000,8,impulse,3.99816426e-04
butter,q24,DF1,1000,8,rand,6.68988356e-02
butter,q12,DF1,1000,8,impulse,3.99816426e-04
butter,q12,DF1,1000,8,rand,3.85016051e-02
butter,q24,DF2,1000,8,impulse,3.99816432e-04
butter,q24,DF2,1000,8,rand,8.38574573e-02
butter,q12,DF2,1000,8,impulse,3.99816432e-04
butter,q12,DF2,1000,8,rand,8.78093604e-02
butter,q24,TDF2,1000,8,impulse,3.99816426e-04
butter,q24,TDF2,1000,8,rand,4.66043774e-02
butter,q12,TDF2,1000,8,impulse,3.99816426e-04
butter,q12,TDF2,1000,8,rand,6.06983240e-02
butter,q24,DF1,2000,8,impulse,2.01557096e-02
butter,q24,DF1,2000,8,rand,2.75361527e-03
butter,q12,DF1,2000,8,impulse,4.02015193e-04
butter,q12,DF1,2000,8,rand,1.04768032e-01
butter,q24,DF2,2000,8,impulse,1.54167675e-03
butter,q24,DF2,2000,8,rand,1.37714669e-01
butter,q12,DF2,2000,8,impulse,4.02015193e-04
butter,q12,DF2,2000,8,rand,1.00967830e-01
butter,q24,TDF2,2000,8,impulse,2.01557096e-02
butter,q24,TDF2,2000,8,rand,2.68715511e-03
butter,q12,TDF2,2000,8,impulse,4.02015193e-04
butter,q12,TDF2,2000,8,rand,1.29090206e-01
butter,q24,DF1,5000,8,impulse,2.95928180e-05
butter,q24,DF1,5000,8,rand,6.77109161e-06
butter,q12,DF1,5000,8,impulse,7.37053694e+00
butter,q12,DF1,5000,8,rand,4.17793028e+00
butter,q24,DF2,5000,8,impulse,4.71931317e-02
butter,q24,DF2,5000,8,rand,2.78755447e-01
butter,q12,DF2,5000,8,impulse,6.80731497e-03
butter,q12,DF2,5000,8,rand,2.27452860e-01
butter,q24,TDF2,5000,8,impulse,2.95928180e-05
butter,q24,TDF2,5000,8,rand,6.92206208e-06
butter,q12,TDF2,5000,8,impulse,7.98652974e+00
butter,q12,TDF2,5000,8,rand,7.55388590e+00
cheby1,q24,DF1,1000,2,impulse,3.49458193e-06
cheby1,q24,DF1,1000,2,rand,1.05449048e-06
cheby1,q12,DF1,1000,2,impulse,1.46212312e-02
cheby1,q12,DF1,1000,2,rand,6.58005500e-03
cheby1,q24,DF2,1000,2,impulse,4.43058788e-09
cheby1,q24,DF2,1000,2,rand,9.81303689e-07
cheby1,q12,DF2,1000,2,impulse,5.42685104e-06
cheby1,q12,DF2,1000,2,rand,1.07924316e-01
cheby1,q24,TDF2,1000,2,impulse,3.49458193e-06
cheby1,q24,TDF2,1000,2,rand,1.40941771e-06
cheby1,q12,TDF2,1000,2,impulse,1.46212312e-02
cheby1,q12,TDF2,1000,2,rand,5.95024344e-03
cheby1,q24,DF1,2000,2,impulse,7.77897435e-07
cheby1,q24,DF1,2000,2,rand,4.11936174e-07
cheby1,q12,DF1,2000,2,impulse,2.93316279e-03
cheby1,q12,DF1,2000,2,rand,1.90963835e-03
cheby1,q24,DF2,2000,2,impulse,1.43010896e-09
cheby1,q24,DF2,2000,2,rand,1.95552231e-07
cheby1,q12,DF2,2000,2,impulse,5.29788262e-06
cheby1,q12,DF2,2000,2,rand,8.07018174e-03
cheby1,q24,TDF2,2000,2,impulse,7.77897435e-07
cheby1,q24,TDF2,2000,2,rand,5.38797527e-07
cheby1,q12,TDF2,2000,2,impulse,2.93316279e-03
cheby1,q12,TDF2,2000,2,rand,2.60711053e-03
cheby1,q24,DF1,5000,2,impulse,1.19895991e-07
cheby1,q24,DF1,5000,2,rand,9.13448379e-08
cheby1,q12,DF1,5000,2,impulse,4.89055425e-04
cheby1,q12,DF1,5000,2,rand,4.79972850e-04
cheby1,q24,DF2,5000,2,impulse,4.98525189e-10
cheby1,q24,DF2,5000,2,rand,7.98120925e-08
cheby1,q12,DF2,5000,2,impulse,1.19256376e-06
cheby1,q12,DF2,5000,2,rand,2.71226884e-04
cheby1,q24,TDF2,5000,2,impulse,1.19895991e-07
cheby1,q24,TDF2,5000,2,rand,9.88351018e-08
cheby1,q12,TDF2,5000,2,impulse,4.89055425e-04
cheby1,q12,TDF2,5000,2,rand,4.26817887e-04
cheby1,q24,DF1,1000,4,impulse,1.55923546e-03
cheby1,q24,DF1,1000,4,rand,4.00642255e-04
cheby1,q12,DF1,1000,4,impulse,4.00436995e-04
cheby1,q12,DF1,1000,4,rand,3.54807176e-02
cheby1,q24,DF2,1000,4,impulse,4.82147512e-03
cheby1,q24,DF2,1000,4,rand,5.53192763e-02
cheby1,q12,DF2,1000,4,impulse,4.00436995e-04
cheby1,q12,DF2,1000,4,rand,7.66069839e-02
cheby1,q24,TDF2,1000,4,impulse,1.55923546e-03
cheby1,q24,TDF2,1000,4,rand,3.06276596e-04
cheby1,q12,TDF2,1000,4,impulse,4.00436995e-04
cheby1,q12,TDF2,1000,4,rand,4.79207610e-02
cheby1,q24,DF1,2000,4,impulse,1.03474136e-04
cheby1,q24,DF1,2000,4,rand,2.63905374e-05
cheby1,q12,DF1,2000,4,impulse,3.89178336e-01
cheby1,q12,DF1,2000,4,rand,9.78153094e-02
cheby1,q24,DF2,2000,4,impulse,7.34090551e-02
cheby1,q24,DF2,2000,4,rand,1.52082830e-01
cheby1,q12,DF2,2000,4,impulse,3.25117464e-03
cheby1,q12,DF2,2000,4,rand,1.43362746e-01
cheby1,q24,TDF2,2000,4,impulse,1.03474136e-04
cheby1,q24,TDF2,2000,4,rand,2.56268737e-05
cheby1,q12,TDF2,2000,4,impulse,3.89178336e-01
cheby1,q12,TDF2,2000,4,rand,1.13097755e-01
cheby1,q24,DF1,5000,4,impulse,3.62446321e-06
cheby1,q24,DF1,5000,4,rand,1.23494867e-06
cheby1,q12,DF1,5000,4,impulse,1.57491062e-02
cheby1,q12,DF1,5000,4,rand,4.74233738e-03
cheby1,q24,DF2,5000,4,impulse,4.00022536e-09
cheby1,q24,DF2,5000,4,rand,1.11041575e-06
cheby1,q12,DF2,5000,4,impulse,1.74506729e-01
cheby1,q12,DF2,5000,4,rand,2.07391828e-01
cheby1,q24,TDF2,5000,4,impulse,3.62446321e-06
cheby1,q24,TDF2,5000,4,rand,1.49982555e-06
cheby1,q12,TDF2,5000,4,impulse,1.57491062e-02
cheby1,q12,TDF2,5000,4,rand,5.28644529e-03
cheby1,q24,DF1,1000,6,impulse,5.97293312e-01
cheby1,q24,DF1,1000,6,rand,1.84698500e-01
cheby1,q12,DF1,1000,6,impulse,4.98266983e-04
cheby1,q12,DF1,1000,6,rand,6.94501754e-02
cheby1,q24,DF2,1000,6,impulse,5.07376020e-04
cheby1,q24,DF2,1000,6,rand,5.19500912e-02
cheby1,q12,DF2,1000,6,impulse,4.98266984e-04
cheby1,q12,DF2,1000,6,rand,4.43407996e-02
cheby1,q24,TDF2,1000,6,impulse,5.97293312e-01
cheby1,q24,TDF2,1000,6,rand,2.04548378e-01
cheby1,q12,TDF2,1000,6,impulse,4.98266983e-04
cheby1,q12,TDF2,1000,6,rand,8.10094759e-02
cheby1,q24,DF1,2000,6,impulse,8.96642184e-03
cheby1,q24,DF1,2000,6,rand,1.53490065e-03
cheby1,q12,DF1,2000,6,impulse,4.99613672e-04
cheby1,q12,DF1,2000,6,rand,9.91069349e-02
cheby1,q24,DF2,2000,6,impulse,1.67371024e-03
cheby1,q24,DF2,2000,6,rand,1.34863736e-01
cheby1,q12,DF2,2000,6,impulse,4.99613672e-04
cheby1,q12,DF2,2000,6,rand,1.32333523e-01
cheby1,q24,TDF2,2000,6,impulse,8.96642184e-03
cheby1,q24,TDF2,2000,6,rand,1.86968966e-03
cheby1,q12,TDF2,2000,6,impulse,4.99613672e-04
cheby1,q12,TDF2,2000,6,rand,7.44823762e-02
cheby1,q24,DF1,5000,6,impulse,4.23313111e-05
cheby1,q24,DF1,5000,6,rand,1.11877479e-05
cheby1,q12,DF1,5000,6,impulse,5.17047366e+00
cheby1,q12,DF1,5000,6,rand,4.91170505e+00
cheby1,q24,DF2,5000,6,impulse,3.10823254e-01
cheby1,q24,DF2,5000,6,rand,2.78550311e-01
cheby1,q12,DF2,5000,6,impulse,1.49315126e-02
cheby1,q12,DF2,5000,6,rand,2.19580525e-01
cheby1,q24,TDF2,5000,6,impulse,4.23313111e-05
cheby1,q24,TDF2,5000,6,rand,1.10992882e-05
cheby1,q12,TDF2,5000,6,impulse,7.98653855e+00
cheby1,q12,TDF2,5000,6,rand,7.52554204e+00
cheby1,q24,DF1,1000,8,impulse,5.85823723e-04
cheby1,q24,DF1,1000,8,rand,4.27982083e-02
cheby1,q12,DF1,1000,8,impulse,5.85823723e-04
cheby1,q12,DF1,1000,8,rand,8.18073139e-02
cheby1,q24,DF2,1000,8,impulse,5.85823551e-04
cheby1,q24,DF2,1000,8,rand,3.84045750e-02
cheby1,q12,DF2,1000,8,impulse,5.85823551e-04
cheby1,q12,DF2,1000,8,rand,3.06127091e-02
cheby1,q24,TDF2,1000,8,impulse,5.85823937e-04
cheby1,q24,TDF2,1000,8,rand,4.90512024e-02
cheby1,q12,TDF2,1000,8,impulse,5.85823937e-04
cheby1,q12,TDF2,1000,8,rand,3.77769158e-02
cheby1,q24,DF1,2000,8,impulse,7.92490449e-01
cheby1,q24,DF1,2000,8,rand,3.28620627e-01
cheby1,q12,DF1,2000,8,impulse,5.87761600e-04
cheby1,q12,DF1,2000,8,rand,7.84519588e-02
cheby1,q24,DF2,2000,8,impulse,5.91564437e-04
cheby1,q24,DF2,2000,8,rand,6.71456895e-02
cheby1,q12,DF2,2000,8,impulse,5.87761600e-04
cheby1,q12,DF2,2000,8,rand,9.01395466e-02
cheby1,q24,TDF2,2000,8,impulse,7.92490449e-01
cheby1,q24,TDF2,2000,8,rand,3.96669717e-01
cheby1,q12,TDF2,2000,8,impulse,5.87761601e-04
cheby1,q12,TDF2,2000,8,rand,8.19684436e-02
cheby1,q24,DF1,5000,8,impulse,5.16606813e-04
cheby1,q24,DF1,5000,8,rand,1.00440488e-04
cheby1,q12,DF1,5000,8,impulse,6.05210827e-04
cheby1,q12,DF1,5000,8,rand,1.77056221e-01
cheby1,q24,DF2,5000,8,impulse,3.41223235e-02
cheby1,q24,DF2,5000,8,rand,2.03098799e-01
cheby1,q12,DF2,5000,8,impulse,6.05210827e-04
cheby1,q12,DF2,5000,8,rand,1.72593262e-01
cheby1,q24,TDF2,5000,8,impulse,5.16606813e-04
cheby1,q24,TDF2,5000,8,rand,1.19809463e-04
cheby1,q12,TDF2,5000,8,impulse,6.05210827e-04
cheby1,q12,TDF2,5000,8,rand,1.86254175e-01
cheby2,q24,DF1,1000,2,impulse,2.99816716e-06
cheby2,q24,DF1,1000,2,rand,8.86065734e-07
cheby2,q12,DF1,1000,2,impulse,9.75337102e-03
cheby2,q12,DF1,1000,2,rand,5.06809023e-03
cheby2,q24,DF2,1000,2,impulse,5.78797903e-08
cheby2,q24,DF2,1000,2,rand,1.36362794e-07
cheby2,q12,DF2,1000,2,impulse,2.44020765e-04
cheby2,q12,DF2,1000,2,rand,2.44948051e-01
cheby2,q24,TDF2,1000,2,impulse,2.99816716e-06
cheby2,q24,TDF2,1000,2,rand,1.09602677e-06
cheby2,q12,TDF2,1000,2,impulse,9.75337102e-03
cheby2,q12,TDF2,1000,2,rand,4.51227049e-03
cheby2,q24,DF1,2000,2,impulse,5.97869167e-07
cheby2,q24,DF1,2000,2,rand,3.56448357e-07
cheby2,q12,DF1,2000,2,impulse,2.43960946e-03
cheby2,q12,DF1,2000,2,rand,1.27054883e-03
cheby2,q24,DF2,2000,2,impulse,5.90098101e-08
cheby2,q24,DF2,2000,2,rand,1.14179223e-07
cheby2,q12,DF2,2000,2,impulse,2.43068642e-04
cheby2,q12,DF2,2000,2,rand,1.20804257e-01
cheby2,q24,TDF2,2000,2,impulse,5.97869167e-07
cheby2,q24,TDF2,2000,2,rand,3.90901586e-07
cheby2,q12,TDF2,2000,2,impulse,2.43960946e-03
cheby2,q12,TDF2,2000,2,rand,1.32652868e-03
cheby2,q24,DF1,5000,2,impulse,1.77735200e-07
cheby2,q24,DF1,5000,2,rand,1.31209866e-07
cheby2,q12,DF1,5000,2,impulse,4.88081065e-04
cheby2,q12,DF1,5000,2,rand,3.69330721e-04
cheby2,q24,DF2,5000,2,impulse,5.92523224e-08
cheby2,q24,DF2,5000,2,rand,8.52857264e-08
cheby2,q12,DF2,5000,2,impulse,1.75462522e-06
cheby2,q12,DF2,5000,2,rand,2.95649771e-04
cheby2,q24,TDF2,5000,2,impulse,1.77735200e-07
cheby2,q24,TDF2,5000,2,rand,1.38576385e-07
cheby2,q12,TDF2,5000,2,impulse,4.88081065e-04
cheby2,q12,TDF2,5000,2,rand,3.35466321e-04
cheby2,q24,DF1,1000,4,impulse,7.34703817e-05
cheby2,q24,DF1,1000,4,rand,2.63850096e-05
cheby2,q12,DF1,1000,4,impulse,3.28694109e-01
cheby2,q12,DF1,1000,4,rand,1.43845821e-01
cheby2,q24,DF2,1000,4,impulse,2.58592872e+01
cheby2,q24,DF2,1000,4,rand,2.36414330e+01
cheby2,q12,DF2,1000,4,impulse,1.62039089e+00
cheby2,q12,DF2,1000,4,rand,5.26466825e+00
cheby2,q24,TDF2,1000,4,impulse,7.34703817e-05
cheby2,q24,TDF2,1000,4,rand,2.75680907e-05
cheby2,q12,TDF2,1000,4,impulse,3.28694109e-01
cheby2,q12,TDF2,1000,4,rand,1.14902467e-01
cheby2,q24,DF1,2000,4,impulse,5.63034801e-06
cheby2,q24,DF1,2000,4,rand,2.43999138e-06
cheby2,q12,DF1,2000,4,impulse,2.03569539e-02
cheby2,q12,DF1,2000,4,rand,1.15523958e-02
cheby2,q24,DF2,2000,4,impulse,3.02203205e-08
cheby2,q24,DF2,2000,4,rand,1.87337208e+01
cheby2,q12,DF2,2000,4,impulse,1.54625333e+00
cheby2,q12,DF2,2000,4,rand,1.64234888e+00
cheby2,q24,TDF2,2000,4,impulse,5.63034801e-06
cheby2,q24,TDF2,2000,4,rand,3.21692113e-06
cheby2,q12,TDF2,2000,4,impulse,2.03569539e-02
cheby2,q12,TDF2,2000,4,rand,1.04829685e-02
cheby2,q24,DF1,5000,4,impulse,2.50655571e-07
cheby2,q24,DF1,5000,4,rand,1.52855090e-07
cheby2,q12,DF1,5000,4,impulse,7.37728140e-04
cheby2,q12,DF1,5000,4,rand,1.04786101e-03
cheby2,q24,DF2,5000,4,impulse,4.19452660e-08
cheby2,q24,DF2,5000,4,rand,9.23471987e-08
cheby2,q12,DF2,5000,4,impulse,2.16215885e-04
cheby2,q12,DF2,5000,4,rand,8.14426201e-02
cheby2,q24,TDF2,5000,4,impulse,2.50655571e-07
cheby2,q24,TDF2,5000,4,rand,2.04335904e-07
cheby2,q12,TDF2,5000,4,impulse,7.37728140e-04
cheby2,q12,TDF2,5000,4,rand,7.38651064e-04
cheby2,q24,DF1,1000,6,impulse,1.85760867e-03
cheby2,q24,DF1,1000,6,rand,6.36111230e-04
cheby2,q12,DF1,1000,6,impulse,4.79709715e+00
cheby2,q12,DF1,1000,6,rand,4.66385339e+00
cheby2,q24,DF2,1000,6,impulse,2.56641672e+01
cheby2,q24,DF2,1000,6,rand,2.47326352e+01
cheby2,q12,DF2,1000,6,impulse,4.80201620e+00
cheby2,q12,DF2,1000,6,rand,4.66396239e+00
cheby2,q24,TDF2,1000,6,impulse,1.85760867e-03
cheby2,q24,TDF2,1000,6,rand,8.55298954e-04
cheby2,q12,TDF2,1000,6,impulse,7.99491727e+00
cheby2,q12,TDF2,1000,6,rand,7.13060180e+00
cheby2,q24,DF1,2000,6,impulse,4.01292707e-05
cheby2,q24,DF1,2000,6,rand,2.49706655e-05
cheby2,q12,DF1,2000,6,impulse,7.21431106e+00
cheby2,q12,DF1,2000,6,rand,6.79655620e+00
cheby2,q24,DF2,2000,6,impulse,2.40682294e+01
cheby2,q24,DF2,2000,6,rand,2.32261655e+01
cheby2,q12,DF2,2000,6,impulse,6.39398797e+00
cheby2,q12,DF2,2000,6,rand,6.13528167e+00
cheby2,q24,TDF2,2000,6,impulse,4.01292707e-05
cheby2,q24,TDF2,2000,6,rand,1.30141176e-05
cheby2,q12,TDF2,2000,6,impulse,7.99552526e+00
cheby2,q12,TDF2,2000,6,rand,5.86840724e+00
cheby2,q24,DF1,5000,6,impulse,2.76896395e-07
cheby2,q24,DF1,5000,6,rand,8.03972005e-07
cheby2,q12,DF1,5000,6,impulse,1.05116203e-03
cheby2,q12,DF1,5000,6,rand,2.87463722e-03
cheby2,q24,DF2,5000,6,impulse,3.97104775e-08
cheby2,q24,DF2,5000,6,rand,2.00679726e-07
cheby2,q12,DF2,5000,6,impulse,8.21128876e-04
cheby2,q12,DF2,5000,6,rand,4.20575402e+00
cheby2,q24,TDF2,5000,6,impulse,2.76896395e-07
cheby2,q24,TDF2,5000,6,rand,6.92248715e-07
cheby2,q12,TDF2,5000,6,impulse,1.05116203e-03
cheby2,q12,TDF2,5000,6,rand,3.28833435e-03
cheby2,q24,DF1,1000,8,impulse,4.93730171e-02
cheby2,q24,DF1,1000,8,rand,2.73205182e-02
cheby2,q12,DF1,1000,8,impulse,7.12243073e+00
cheby2,q12,DF1,1000,8,rand,6.66569494e+00
cheby2,q24,DF2,1000,8,impulse,1.14215654e+02
cheby2,q24,DF2,1000,8,rand,2.49314292e+01
cheby2,q12,DF2,1000,8,impulse,5.47234463e+00
cheby2,q12,DF2,1000,8,rand,5.23315518e+00
cheby2,q24,TDF2,1000,8,impulse,4.93730171e-02
cheby2,q24,TDF2,1000,8,rand,3.51358169e-02
cheby2,q12,TDF2,1000,8,impulse,5.33162233e+00
cheby2,q12,TDF2,1000,8,rand,4.11997792e+00
cheby2,q24,DF1,2000,8,impulse,4.40484814e-04
cheby2,q24,DF1,2000,8,rand,4.41536318e-04
cheby2,q12,DF1,2000,8,impulse,5.42163759e+00
cheby2,q12,DF1,2000,8,rand,5.25645293e+00
cheby2,q24,DF2,2000,8,impulse,1.14808573e+02
cheby2,q24,DF2,2000,8,rand,1.04448347e+02
cheby2,q12,DF2,2000,8,impulse,5.19008434e+00
cheby2,q12,DF2,2000,8,rand,5.12437305e+00
cheby2,q24,TDF2,2000,8,impulse,4.40484814e-04
cheby2,q24,TDF2,2000,8,rand,3.04940892e-04
cheby2,q12,TDF2,2000,8,impulse,5.33195235e+00
cheby2,q12,TDF2,2000,8,rand,4.51592264e+00
cheby2,q24,DF1,5000,8,impulse,3.02686335e-06
cheby2,q24,DF1,5000,8,rand,3.62806204e-06
cheby2,q12,DF1,5000,8,impulse,1.48422268e-02
cheby2,q12,DF1,5000,8,rand,1.55291276e-02
cheby2,q24,DF2,5000,8,impulse,6.69557359e-08
cheby2,q24,DF2,5000,8,rand,7.40297315e+01
cheby2,q12,DF2,5000,8,impulse,6.74737969e+00
cheby2,q12,DF2,5000,8,rand,6.11515805e+00
cheby2,q24,TDF2,5000,8,impulse,3.02686335e-06
cheby2,q24,TDF2,5000,8,rand,4.18941417e-06
cheby2,q12,TDF2,5000,8,impulse,1.48422268e-02
cheby2,q12,TDF2,5000,8,rand,7.63242268e-03
ellip,q24,DF1,1000,2,impulse,3.32388447e-06
ellip,q24,DF1,1000,2,rand,1.65116872e-06
ellip,q12,DF1,1000,2,impulse,1.33950057e-02
ellip,q12,DF1,1000,2,rand,8.61119865e-03
ellip,q24,DF2,1000,2,impulse,2.77373017e-09
ellip,q24,DF2,1000,2,rand,9.88747907e-08
ellip,q12,DF2,1000,2,impulse,1.23239941e-05
ellip,q12,DF2,1000,2,rand,1.06144543e-01
ellip,q24,TDF2,1000,2,impulse,3.32388447e-06
ellip,q24,TDF2,1000,2,rand,1.36671374e-06
ellip,q12,TDF2,1000,2,impulse,1.33950057e-02
ellip,q12,TDF2,1000,2,rand,8.00932388e-03
ellip,q24,DF1,2000,2,impulse,1.83315686e-08
ellip,q24,DF1,2000,2,rand,4.32166903e-07
ellip,q12,DF1,2000,2,impulse,2.93258743e-03
ellip,q12,DF1,2000,2,rand,1.80779106e-03
ellip,q24,DF2,2000,2,impulse,3.62472967e-08
ellip,q24,DF2,2000,2,rand,2.79598226e-07
ellip,q12,DF2,2000,2,impulse,1.47952190e-04
ellip,q12,DF2,2000,2,rand,3.90883719e-02
ellip,q24,TDF2,2000,2,impulse,1.83315686e-08
ellip,q24,TDF2,2000,2,rand,3.77367057e-07
ellip,q12,TDF2,2000,2,impulse,2.93258743e-03
ellip,q12,TDF2,2000,2,rand,1.58944493e-03
ellip,q24,DF1,5000,2,impulse,1.78431585e-07
ellip,q24,DF1,5000,2,rand,9.59896726e-08
ellip,q12,DF1,5000,2,impulse,4.88833127e-04
ellip,q12,DF1,5000,2,rand,5.35198826e-04
ellip,q24,DF2,5000,2,impulse,6.19555885e-10
ellip,q24,DF2,5000,2,rand,7.83230943e-08
ellip,q12,DF2,5000,2,impulse,1.32912310e-06
ellip,q12,DF2,5000,2,rand,4.61345737e-04
ellip,q24,TDF2,5000,2,impulse,1.78431585e-07
ellip,q24,TDF2,5000,2,rand,1.07874931e-07
ellip,q12,TDF2,5000,2,impulse,4.88833127e-04
ellip,q12,TDF2,5000,2,rand,4.78280570e-04
ellip,q24,DF1,1000,4,impulse,7.25305538e-04
ellip,q24,DF1,1000,4,rand,2.02464437e-04
ellip,q12,DF1,1000,4,impulse,4.21589210e+00
ellip,q12,DF1,1000,4,rand,1.73897676e+00
ellip,q24,DF2,1000,4,impulse,5.44621720e-02
ellip,q24,DF2,1000,4,rand,1.24214913e+00
ellip,q12,DF2,1000,4,impulse,1.24787046e-02
ellip,q12,DF2,1000,4,rand,4.05946983e+00
ellip,q24,TDF2,1000,4,impulse,7.25305538e-04
ellip,q24,TDF2,1000,4,rand,1.83748635e-04
ellip,q12,TDF2,1000,4,impulse,4.21613558e+00
ellip,q12,TDF2,1000,4,rand,2.54320788e+00
ellip,q24,DF1,2000,4,impulse,4.82777846e-05
ellip,q24,DF1,2000,4,rand,1.48114270e-05
ellip,q12,DF1,2000,4,impulse,1.96619434e-01
ellip,q12,DF1,2000,4,rand,4.21892635e-02
ellip,q24,DF2,2000,4,impulse,1.58793459e-01
ellip,q24,DF2,2000,4,rand,1.21392599e+00
ellip,q12,DF2,2000,4,impulse,1.41211757e-02
ellip,q12,DF2,2000,4,rand,3.60684782e-01
ellip,q24,TDF2,2000,4,impulse,4.82777846e-05
ellip,q24,TDF2,2000,4,rand,1.42888326e-05
ellip,q12,TDF2,2000,4,impulse,1.96619434e-01
ellip,q12,TDF2,2000,4,rand,6.04575725e-02
ellip,q24,DF1,5000,4,impulse,1.42953231e-06
ellip,q24,DF1,5000,4,rand,8.35811595e-07
ellip,q12,DF1,5000,4,impulse,5.85669960e-03
ellip,q12,DF1,5000,4,rand,2.52061641e-03
ellip,q24,DF2,5000,4,impulse,4.21005546e-08
ellip,q24,DF2,5000,4,rand,1.37541655e-07
ellip,q12,DF2,5000,4,impulse,2.68320157e+00
ellip,q12,DF2,5000,4,rand,2.19393691e+00
ellip,q24,TDF2,5000,4,impulse,1.42953231e-06
ellip,q24,TDF2,5000,4,rand,6.28264395e-07
ellip,q12,TDF2,5000,4,impulse,5.85669960e-03
ellip,q12,TDF2,5000,4,rand,2.39801124e-03
ellip,q24,DF1,1000,6,impulse,7.78621167e+01
ellip,q24,DF1,1000,6,rand,5.09507843e-02
ellip,q12,DF1,1000,6,impulse,4.23311445e+00
ellip,q12,DF1,1000,6,rand,4.17939758e+00
ellip,q24,DF2,1000,6,impulse,4.03594261e-01
ellip,q24,DF2,1000,6,rand,9.15421779e+01
ellip,q12,DF2,1000,6,impulse,3.14085903e-02
ellip,q12,DF2,1000,6,rand,8.91199056e-01
ellip,q24,TDF2,1000,6,impulse,1.75299284e+01
ellip,q24,TDF2,1000,6,rand,1.87818328e-02
ellip,q12,TDF2,1000,6,impulse,7.99368057e+00
ellip,q12,TDF2,1000,6,rand,7.56338346e+00
ellip,q24,DF1,2000,6,impulse,3.22158282e-03
ellip,q24,DF1,2000,6,rand,5.48087286e-04
ellip,q12,DF1,2000,6,impulse,4.46424274e+00
ellip,q12,DF1,2000,6,rand,4.41072189e+00
ellip,q24,DF2,2000,6,impulse,1.69958570e-01
ellip,q24,DF2,2000,6,rand,9.51587639e+00
ellip,q12,DF2,2000,6,impulse,1.33709018e-02
ellip,q12,DF2,2000,6,rand,4.52390922e-01
ellip,q24,TDF2,2000,6,impulse,3.22158282e-03
ellip,q24,TDF2,2000,6,rand,1.05857637e-03
ellip,q12,TDF2,2000,6,impulse,7.99369184e+00
ellip,q12,TDF2,2000,6,rand,7.67275429e+00
ellip,q24,DF1,5000,6,impulse,3.58281334e-05
ellip,q24,DF1,5000,6,rand,2.84578187e-05
ellip,q12,DF1,5000,6,impulse,7.08746412e+00
ellip,q12,DF1,5000,6,rand,6.58331266e+00
ellip,q24,DF2,5000,6,impulse,2.23501830e+00
ellip,q24,DF2,5000,6,rand,5.84891944e+00
ellip,q12,DF2,5000,6,impulse,5.96322075e+00
ellip,q12,DF2,5000,6,rand,5.57798430e+00
ellip,q24,TDF2,5000,6,impulse,3.58281334e-05
ellip,q24,TDF2,5000,6,rand,1.95705444e-05
ellip,q12,TDF2,5000,6,impulse,7.99391519e+00
ellip,q12,TDF2,5000,6,rand,7.63847190e+00
ellip,q24,DF1,1000,8,impulse,6.71361138e+01
ellip,q24,DF1,1000,8,rand,3.75476064e+01
ellip,q12,DF1,1000,8,impulse,4.23322896e+00
ellip,q12,DF1,1000,8,rand,4.22916748e+00
ellip,q24,DF2,1000,8,impulse,1.09410895e+02
ellip,q24,DF2,1000,8,rand,1.00431918e+02
ellip,q12,DF2,1000,8,impulse,2.39654470e+00
ellip,q12,DF2,1000,8,rand,1.74438381e+00
ellip,q24,TDF2,1000,8,impulse,6.71361139e+01
ellip,q24,TDF2,1000,8,rand,4.21707248e+01
ellip,q12,TDF2,1000,8,impulse,7.99328397e+00
ellip,q12,TDF2,1000,8,rand,7.61233029e+00
ellip,q24,DF1,2000,8,impulse,1.07139803e+02
ellip,q24,DF1,2000,8,rand,3.00074949e-02
ellip,q12,DF1,2000,8,impulse,5.06502918e+00
ellip,q12,DF1,2000,8,rand,4.91584963e+00
ellip,q24,DF2,2000,8,impulse,1.10756721e+02
ellip,q24,DF2,2000,8,rand,3.92337269e+01
ellip,q12,DF2,2000,8,impulse,6.73541064e+00
ellip,q12,DF2,2000,8,rand,4.03556333e+00
ellip,q24,TDF2,2000,8,impulse,3.39678104e+01
ellip,q24,TDF2,2000,8,rand,1.62466683e-01
ellip,q12,TDF2,2000,8,impulse,7.99331460e+00
ellip,q12,TDF2,2000,8,rand,7.49520505e+00
ellip,q24,DF1,5000,8,impulse,1.46720094e-02
ellip,q24,DF1,5000,8,rand,6.08569476e-04
ellip,q12,DF1,5000,8,impulse,5.66741633e+00
ellip,q12,DF1,5000,8,rand,5.36540665e+00
ellip,q24,DF2,5000,8,impulse,4.89558232e+01
ellip,q24,DF2,5000,8,rand,9.98125216e+01
ellip,q12,DF2,5000,8,impulse,4.45201992e+00
ellip,q12,DF2,5000,8,rand,4.42768232e+00
ellip,q24,TDF2,5000,8,impulse,1.46720094e-02
ellip,q24,TDF2,5000,8,rand,5.95718983e-04
ellip,q12,TDF2,5000,8,impulse,5.99576067e+00
ellip,q12,TDF2,5000,8,rand,4.69339022e+00
bessel,q24,DF1,1000,2,impulse,4.32703059e-06
bessel,q24,DF1,1000,2,rand,1.97742835e-06
bessel,q12,DF1,1000,2,impulse,1.77444455e-02
bessel,q12,DF1,1000,2,rand,6.88934648e-03
bessel,q24,DF2,1000,2,impulse,2.21275999e-09
bessel,q24,DF2,1000,2,rand,2.91589385e-07
bessel,q12,DF2,1000,2,impulse,1.12117215e-05
bessel,q12,DF2,1000,2,rand,7.18180894e-02
bessel,q24,TDF2,1000,2,impulse,4.32703059e-06
bessel,q24,TDF2,1000,2,rand,1.26949221e-06
bessel,q12,TDF2,1000,2,impulse,1.77444455e-02
bessel,q12,TDF2,1000,2,rand,7.15957772e-03
bessel,q24,DF1,2000,2,impulse,9.52312864e-07
bessel,q24,DF1,2000,2,rand,5.38767921e-07
bessel,q12,DF1,2000,2,impulse,4.14198712e-03
bessel,q12,DF1,2000,2,rand,2.48116978e-03
bessel,q24,DF2,2000,2,impulse,1.21958392e-09
bessel,q24,DF2,2000,2,rand,2.90392085e-07
bessel,q12,DF2,2000,2,impulse,3.10181016e-06
bessel,q12,DF2,2000,2,rand,1.78512570e-02
bessel,q24,TDF2,2000,2,impulse,9.52312864e-07
bessel,q24,TDF2,2000,2,rand,5.52898702e-07
bessel,q12,TDF2,2000,2,impulse,4.14198712e-03
bessel,q12,TDF2,2000,2,rand,2.13686851e-03
bessel,q24,DF1,5000,2,impulse,2.97314972e-07
bessel,q24,DF1,5000,2,rand,1.36780529e-07
bessel,q12,DF1,5000,2,impulse,1.21858849e-03
bessel,q12,DF1,5000,2,rand,5.27043192e-04
bessel,q24,DF2,5000,2,impulse,3.01543869e-10
bessel,q24,DF2,5000,2,rand,4.77153530e-08
bessel,q12,DF2,5000,2,impulse,8.15719382e-07
bessel,q12,DF2,5000,2,rand,2.55554851e-04
bessel,q24,TDF2,5000,2,impulse,2.97314972e-07
bessel,q24,TDF2,5000,2,rand,9.14763763e-08
bessel,q12,TDF2,5000,2,impulse,1.21858849e-03
bessel,q12,TDF2,5000,2,rand,3.38457876e-04
bessel,q24,DF1,1000,4,impulse,4.90436796e-04
bessel,q24,DF1,1000,4,rand,1.15041265e-04
bessel,q12,DF1,1000,4,impulse,2.48950277e-04
bessel,q12,DF1,1000,4,rand,8.80861377e-02
bessel,q24,DF2,1000,4,impulse,1.84210193e-02
bessel,q24,DF2,1000,4,rand,6.42260628e-02
bessel,q12,DF2,1000,4,impulse,2.48950277e-04
bessel,q12,DF2,1000,4,rand,2.98163259e-02
bessel,q24,TDF2,1000,4,impulse,4.90436796e-04
bessel,q24,TDF2,1000,4,rand,1.69932348e-04
bessel,q12,TDF2,1000,4,impulse,2.48950277e-04
bessel,q12,TDF2,1000,4,rand,2.35980087e-02
bessel,q24,DF1,2000,4,impulse,3.63241390e-05
bessel,q24,DF1,2000,4,rand,7.95060931e-06
bessel,q12,DF1,2000,4,impulse,1.51058431e-01
bessel,q12,DF1,2000,4,rand,3.21739656e-02
bessel,q24,DF2,2000,4,impulse,1.04993747e-08
bessel,q24,DF2,2000,4,rand,1.33855577e-01
bessel,q12,DF2,2000,4,impulse,1.32866187e-02
bessel,q12,DF2,2000,4,rand,9.92222811e-02
bessel,q24,TDF2,2000,4,impulse,3.63241390e-05
bessel,q24,TDF2,2000,4,rand,7.93961261e-06
bessel,q12,TDF2,2000,4,impulse,1.51058431e-01
bessel,q12,TDF2,2000,4,rand,3.18658720e-02
bessel,q24,DF1,5000,4,impulse,1.36940645e-06
bessel,q24,DF1,5000,4,rand,5.11771397e-07
bessel,q12,DF1,5000,4,impulse,5.36663603e-03
bessel,q12,DF1,5000,4,rand,1.92238405e-03
bessel,q24,DF2,5000,4,impulse,1.22697548e-09
bessel,q24,DF2,5000,4,rand,4.34775303e-07
bessel,q12,DF2,5000,4,impulse,2.42681756e-06
bessel,q12,DF2,5000,4,rand,1.05884676e-01
bessel,q24,TDF2,5000,4,impulse,1.36940645e-06
bessel,q24,TDF2,5000,4,rand,7.42398061e-07
bessel,q12,TDF2,5000,4,impulse,5.36663603e-03
bessel,q12,TDF2,5000,4,rand,2.31774934e-03
bessel,q24,DF1,1000,6,impulse,4.65373738e-02
bessel,q24,DF1,1000,6,rand,4.30139943e-03
bessel,q12,DF1,1000,6,impulse,2.48452652e-04
bessel,q12,DF1,1000,6,rand,6.89274739e-02
bessel,q24,DF2,1000,6,impulse,5.18125344e-04
bessel,q24,DF2,1000,6,rand,4.45391934e-02
bessel,q12,DF2,1000,6,impulse,2.48452652e-04
bessel,q12,DF2,1000,6,rand,2.94656417e-02
bessel,q24,TDF2,1000,6,impulse,4.65373738e-02
bessel,q24,TDF2,1000,6,rand,8.38212192e-03
bessel,q12,TDF2,1000,6,impulse,2.48452652e-04
bessel,q12,TDF2,1000,6,rand,6.62827394e-02
bessel,q24,DF1,2000,6,impulse,9.53216489e-04
bessel,q24,DF1,2000,6,rand,1.72313526e-04
bessel,q12,DF1,2000,6,impulse,2.48884767e-04
bessel,q12,DF1,2000,6,rand,1.05711534e-01
bessel,q24,DF2,2000,6,impulse,1.82279448e-02
bessel,q24,DF2,2000,6,rand,6.87295903e-02
bessel,q12,DF2,2000,6,impulse,2.48884767e-04
bessel,q12,DF2,2000,6,rand,1.15575835e-01
bessel,q24,TDF2,2000,6,impulse,9.53216489e-04
bessel,q24,TDF2,2000,6,rand,2.13541492e-04
bessel,q12,TDF2,2000,6,impulse,2.48884767e-04
bessel,q12,TDF2,2000,6,rand,1.05370401e-01
bessel,q24,DF1,5000,6,impulse,7.80776508e-06
bessel,q24,DF1,5000,6,rand,1.90909585e-06
bessel,q12,DF1,5000,6,impulse,2.97329558e-02
bessel,q12,DF1,5000,6,rand,8.08357822e-03
bessel,q24,DF2,5000,6,impulse,1.10609795e-08
bessel,q24,DF2,5000,6,rand,1.55182124e-06
bessel,q12,DF2,5000,6,impulse,1.14020647e-02
bessel,q12,DF2,5000,6,rand,1.47569531e-01
bessel,q24,TDF2,5000,6,impulse,7.80776508e-06
bessel,q24,TDF2,5000,6,rand,2.59904590e-06
bessel,q12,TDF2,5000,6,impulse,2.97329558e-02
bessel,q12,TDF2,5000,6,rand,7.43704251e-03
bessel,q24,DF1,1000,8,impulse,2.46980330e-04
bessel,q24,DF1,1000,8,rand,2.27729070e-02
bessel,q12,DF1,1000,8,impulse,2.46980330e-04
bessel,q12,DF1,1000,8,rand,8.27815211e-02
bessel,q24,DF2,1000,8,impulse,2.46980329e-04
bessel,q24,DF2,1000,8,rand,4.71635410e-02
bessel,q12,DF2,1000,8,impulse,2.46980329e-04
bessel,q12,DF2,1000,8,rand,6.01129971e-02
bessel,q24,TDF2,1000,8,impulse,2.46980329e-04
bessel,q24,TDF2,1000,8,rand,2.22237080e-02
bessel,q12,TDF2,1000,8,impulse,2.46980329e-04
bessel,q12,TDF2,1000,8,rand,5.61416065e-02
bessel,q24,DF1,2000,8,impulse,2.20466066e-02
bessel,q24,DF1,2000,8,rand,3.05669938e-03
bessel,q12,DF1,2000,8,impulse,2.47463415e-04
bessel,q12,DF1,2000,8,rand,6.36612237e-02
bessel,q24,DF2,2000,8,impulse,3.08821060e-04
bessel,q24,DF2,2000,8,rand,8.09701393e-02
bessel,q12,DF2,2000,8,impulse,2.47463415e-04
bessel,q12,DF2,2000,8,rand,6.72140593e-02
bessel,q24,TDF2,2000,8,impulse,2.20466066e-02
bessel,q24,TDF2,2000,8,rand,3.92013391e-03
bessel,q12,TDF2,2000,8,impulse,2.47463415e-04
bessel,q12,TDF2,2000,8,rand,7.32773881e-02
bessel,q24,DF1,5000,8,impulse,3.55251549e-05
bessel,q24,DF1,5000,8,rand,9.65401869e-06
bessel,q12,DF1,5000,8,impulse,6.74943531e+00
bessel,q12,DF1,5000,8,rand,6.07626687e+00
bessel,q24,DF2,5000,8,impulse,5.38294213e-02
bessel,q24,DF2,5000,8,rand,2.02954044e-01
bessel,q12,DF2,5000,8,impulse,3.24535501e-03
bessel,q12,DF2,5000,8,rand,1.53680820e-01
bessel,q24,TDF2,5000,8,impulse,3.55251549e-05
bessel,q24,TDF2,5000,8,rand,7.44762438e-06
bessel,q12,TDF2,5000,8,impulse,7.98531150e+00
bessel,q12,TDF2,5000,8,rand,7.38422524e+00
butter,q24,CASCADE,1000,2,impulse,3.41638698e-09
butter,q24,CASCADE,1000,2,rand,8.59651967e-07
butter,q12,CASCADE,1000,2,impulse,3.78223896e-06
butter,q12,CASCADE,1000,2,rand,5.18959268e-02
butter,q24,CASCADE,2000,2,impulse,6.74536859e-10
butter,q24,CASCADE,2000,2,rand,4.72402261e-08
butter,q12,CASCADE,2000,2,impulse,5.06611801e-06
butter,q12,CASCADE,2000,2,rand,4.49904665e-02
butter,q24,CASCADE,5000,2,impulse,5.11182776e-10
butter,q24,CASCADE,5000,2,rand,1.50092859e-07
butter,q12,CASCADE,5000,2,impulse,1.18727507e-06
butter,q12,CASCADE,5000,2,rand,4.88116469e-04
butter,q24,CASCADE,1000,4,impulse,1.44638055e-05
butter,q24,CASCADE,1000,4,rand,1.95982604e-04
butter,q12,CASCADE,1000,4,impulse,3.17538625e-04
butter,q12,CASCADE,1000,4,rand,7.02829365e-02
butter,q24,CASCADE,2000,4,impulse,4.01533759e-06
butter,q24,CASCADE,2000,4,rand,2.16014758e-05
butter,q12,CASCADE,2000,4,impulse,1.06280780e-02
butter,q12,CASCADE,2000,4,rand,1.31860342e-01
butter,q24,CASCADE,5000,4,impulse,3.60999883e-07
butter,q24,CASCADE,5000,4,rand,9.26042461e-07
butter,q12,CASCADE,5000,4,impulse,1.47286884e-03
butter,q12,CASCADE,5000,4,rand,5.14203729e-03
butter,q24,CASCADE,1000,6,impulse,3.38556488e-03
butter,q24,CASCADE,1000,6,rand,3.29293726e-03
butter,q12,CASCADE,1000,6,impulse,3.61509991e-04
butter,q12,CASCADE,1000,6,rand,1.00410778e-01
butter,q24,CASCADE,2000,6,impulse,2.80856483e-04
butter,q24,CASCADE,2000,6,rand,1.32738459e-03
butter,q12,CASCADE,2000,6,impulse,3.63210259e-04
butter,q12,CASCADE,2000,6,rand,1.29994411e-01
butter,q24,CASCADE,5000,6,impulse,9.46847202e-06
butter,q24,CASCADE,5000,6,rand,7.46897405e-06
butter,q12,CASCADE,5000,6,impulse,3.00662861e-02
butter,q12,CASCADE,5000,6,rand,7.34169196e-02
butter,q24,CASCADE,1000,8,impulse,3.99816444e-04
butter,q24,CASCADE,1000,8,rand,7.37843671e-02
butter,q12,CASCADE,1000,8,impulse,3.99816444e-04
butter,q12,CASCADE,1000,8,rand,3.52674370e-02
butter,q24,CASCADE,2000,8,impulse,1.85212736e-02
butter,q24,CASCADE,2000,8,rand,6.68394972e-02
butter,q12,CASCADE,2000,8,impulse,4.02015193e-04
butter,q12,CASCADE,2000,8,rand,1.19232139e-01
butter,q24,CASCADE,5000,8,impulse,1.59781752e-04
butter,q24,CASCADE,5000,8,rand,1.30352778e-04
butter,q12,CASCADE,5000,8,impulse,4.15177055e-04
butter,q12,CASCADE,5000,8,rand,1.54451547e-01
cheby1,q24,CASCADE,1000,2,impulse,4.43058788e-09
cheby1,q24,CASCADE,1000,2,rand,6.86435100e-07
cheby1,q12,CASCADE,1000,2,impulse,5.42685104e-06
cheby1,q12,CASCADE,1000,2,rand,9.95914979e-02
cheby1,q24,CASCADE,2000,2,impulse,1.43010896e-09
cheby1,q24,CASCADE,2000,2,rand,2.05983308e-07
cheby1,q12,CASCADE,2000,2,impulse,5.29788262e-06
cheby1,q12,CASCADE,2000,2,rand,6.48152899e-02
cheby1,q24,CASCADE,5000,2,impulse,4.98525189e-10
cheby1,q24,CASCADE,5000,2,rand,7.32468779e-08
cheby1,q12,CASCADE,5000,2,impulse,1.19256376e-06
cheby1,q12,CASCADE,5000,2,rand,3.41391315e-04
cheby1,q24,CASCADE,1000,4,impulse,2.02763915e-05
cheby1,q24,CASCADE,1000,4,rand,2.05401563e-04
cheby1,q12,CASCADE,1000,4,impulse,4.00436995e-04
cheby1,q12,CASCADE,1000,4,rand,5.98243721e-02
cheby1,q24,CASCADE,2000,4,impulse,3.21921786e-07
cheby1,q24,CASCADE,2000,4,rand,4.71453026e-05
cheby1,q12,CASCADE,2000,4,impulse,4.01911916e-04
cheby1,q12,CASCADE,2000,4,rand,9.85873092e-02
cheby1,q24,CASCADE,5000,4,impulse,2.37704184e-08
cheby1,q24,CASCADE,5000,4,rand,3.62995834e-06
cheby1,q12,CASCADE,5000,4,impulse,2.21038688e-03
cheby1,q12,CASCADE,5000,4,rand,1.19869587e-02
cheby1,q24,CASCADE,1000,6,impulse,4.98266982e-04
cheby1,q24,CASCADE,1000,6,rand,6.25990224e-02
cheby1,q12,CASCADE,1000,6,impulse,4.98266982e-04
cheby1,q12,CASCADE,1000,6,rand,9.83054854e-02
cheby1,q24,CASCADE,2000,6,impulse,5.60204696e-04
cheby1,q24,CASCADE,2000,6,rand,9.91884630e-03
cheby1,q12,CASCADE,2000,6,impulse,4.99613672e-04
cheby1,q12,CASCADE,2000,6,rand,9.19683479e-02
cheby1,q24,CASCADE,5000,6,impulse,8.04186923e-06
cheby1,q24,CASCADE,5000,6,rand,6.24893810e-05
cheby1,q12,CASCADE,5000,6,impulse,5.13320760e-04
cheby1,q12,CASCADE,5000,6,rand,2.37730443e-01
cheby1,q24,CASCADE,1000,8,impulse,5.85824434e-04
cheby1,q24,CASCADE,1000,8,rand,6.48303580e-02
cheby1,q12,CASCADE,1000,8,impulse,5.85824434e-04
cheby1,q12,CASCADE,1000,8,rand,8.69555723e-02
cheby1,q24,CASCADE,2000,8,impulse,5.87761601e-04
cheby1,q24,CASCADE,2000,8,rand,6.82520014e-02
cheby1,q12,CASCADE,2000,8,impulse,5.87761601e-04
cheby1,q12,CASCADE,2000,8,rand,1.02005092e-01
cheby1,q24,CASCADE,5000,8,impulse,9.74462990e-04
cheby1,q24,CASCADE,5000,8,rand,2.91939151e-03
cheby1,q12,CASCADE,5000,8,impulse,6.05210827e-04
cheby1,q12,CASCADE,5000,8,rand,1.80110516e-01
cheby2,q24,CASCADE,1000,2,impulse,5.78797903e-08
cheby2,q24,CASCADE,1000,2,rand,1.84368333e-07
cheby2,q12,CASCADE,1000,2,impulse,2.44020765e-04
cheby2,q12,CASCADE,1000,2,rand,3.34161232e-01
cheby2,q24,CASCADE,2000,2,impulse,5.90098101e-08
cheby2,q24,CASCADE,2000,2,rand,1.57662137e-07
cheby2,q12,CASCADE,2000,2,impulse,2.43068642e-04
cheby2,q12,CASCADE,2000,2,rand,3.42476792e-04
cheby2,q24,CASCADE,5000,2,impulse,5.92523224e-08
cheby2,q24,CASCADE,5000,2,rand,8.79793565e-08
cheby2,q12,CASCADE,5000,2,impulse,1.75462522e-06
cheby2,q12,CASCADE,5000,2,rand,2.31222731e-04
cheby2,q24,CASCADE,1000,4,impulse,5.36412305e-08
cheby2,q24,CASCADE,1000,4,rand,1.06511802e-06
cheby2,q12,CASCADE,1000,4,impulse,6.58635348e-04
cheby2,q12,CASCADE,1000,4,rand,8.09521635e-02
cheby2,q24,CASCADE,2000,4,impulse,5.01462669e-08
cheby2,q24,CASCADE,2000,4,rand,1.96819334e-07
cheby2,q12,CASCADE,2000,4,impulse,2.14259717e-04
cheby2,q12,CASCADE,2000,4,rand,6.98666424e-02
cheby2,q24,CASCADE,5000,4,impulse,4.18329631e-08
cheby2,q24,CASCADE,5000,4,rand,7.10376355e-08
cheby2,q12,CASCADE,5000,4,impulse,1.66666835e-04
cheby2,q12,CASCADE,5000,4,rand,2.87691624e-04
cheby2,q24,CASCADE,1000,6,impulse,6.85300237e-08
cheby2,q24,CASCADE,1000,6,rand,3.22819742e-07
cheby2,q12,CASCADE,1000,6,impulse,6.43262970e-04
cheby2,q12,CASCADE,1000,6,rand,8.52871589e-02
cheby2,q24,CASCADE,2000,6,impulse,4.43335814e-08
cheby2,q24,CASCADE,2000,6,rand,9.49596146e-08
cheby2,q12,CASCADE,2000,6,impulse,9.79446372e-05
cheby2,q12,CASCADE,2000,6,rand,1.64789136e-01
cheby2,q24,CASCADE,5000,6,impulse,1.02429927e-07
cheby2,q24,CASCADE,5000,6,rand,1.22970976e-07
cheby2,q12,CASCADE,5000,6,impulse,2.39506232e-04
cheby2,q12,CASCADE,5000,6,rand,9.38841825e-03
cheby2,q24,CASCADE,1000,8,impulse,4.58833473e-08
cheby2,q24,CASCADE,1000,8,rand,6.74338173e-07
cheby2,q12,CASCADE,1000,8,impulse,4.64741553e-04
cheby2,q12,CASCADE,1000,8,rand,1.14405813e-01
cheby2,q24,CASCADE,2000,8,impulse,3.52672358e-08
cheby2,q24,CASCADE,2000,8,rand,4.77069365e-07
cheby2,q12,CASCADE,2000,8,impulse,2.73366851e-04
cheby2,q12,CASCADE,2000,8,rand,1.23569317e-01
cheby2,q24,CASCADE,5000,8,impulse,1.53260504e-08
cheby2,q24,CASCADE,5000,8,rand,2.08579452e-07
cheby2,q12,CASCADE,5000,8,impulse,2.12425971e-04
cheby2,q12,CASCADE,5000,8,rand,4.69804530e-04
ellip,q24,CASCADE,1000,2,impulse,2.77373017e-09
ellip,q24,CASCADE,1000,2,rand,1.00136756e-07
ellip,q12,CASCADE,1000,2,impulse,1.23239941e-05
ellip,q12,CASCADE,1000,2,rand,1.11243352e-01
ellip,q24,CASCADE,2000,2,impulse,3.62472967e-08
ellip,q24,CASCADE,2000,2,rand,2.89693276e-07
ellip,q12,CASCADE,2000,2,impulse,1.47952190e-04
ellip,q12,CASCADE,2000,2,rand,9.22011826e-02
ellip,q24,CASCADE,5000,2,impulse,6.19555885e-10
ellip,q24,CASCADE,5000,2,rand,5.59158725e-08
ellip,q12,CASCADE,5000,2,impulse,1.32912310e-06
ellip,q12,CASCADE,5000,2,rand,4.10363634e-04
ellip,q24,CASCADE,1000,4,impulse,4.84677287e-08
ellip,q24,CASCADE,1000,4,rand,5.85379083e-07
ellip,q12,CASCADE,1000,4,impulse,6.40990287e-04
ellip,q12,CASCADE,1000,4,rand,1.09314983e-01
ellip,q24,CASCADE,2000,4,impulse,4.96226503e-08
ellip,q24,CASCADE,2000,4,rand,8.05711222e-08
ellip,q12,CASCADE,2000,4,impulse,2.00712774e-04
ellip,q12,CASCADE,2000,4,rand,7.59697258e-02
ellip,q24,CASCADE,5000,4,impulse,5.99672034e-08
ellip,q24,CASCADE,5000,4,rand,6.73985673e-08
ellip,q12,CASCADE,5000,4,impulse,2.44838373e-04
ellip,q12,CASCADE,5000,4,rand,2.61791317e-04
ellip,q24,CASCADE,1000,6,impulse,1.02128922e-07
ellip,q24,CASCADE,1000,6,rand,9.05069823e-07
ellip,q12,CASCADE,1000,6,impulse,8.26050430e-04
ellip,q12,CASCADE,1000,6,rand,6.84107782e-02
ellip,q24,CASCADE,2000,6,impulse,6.14003331e-08
ellip,q24,CASCADE,2000,6,rand,5.57253205e-07
ellip,q12,CASCADE,2000,6,impulse,2.36385904e-04
ellip,q12,CASCADE,2000,6,rand,8.06810173e-02
ellip,q24,CASCADE,5000,6,impulse,3.58294993e-08
ellip,q24,CASCADE,5000,6,rand,7.75218315e-08
ellip,q12,CASCADE,5000,6,impulse,5.72555413e-05
ellip,q12,CASCADE,5000,6,rand,5.36893182e-04
ellip,q24,CASCADE,1000,8,impulse,7.72633249e-08
ellip,q24,CASCADE,1000,8,rand,5.88142792e-07
ellip,q12,CASCADE,1000,8,impulse,7.01674357e-04
ellip,q12,CASCADE,1000,8,rand,5.19410392e-02
ellip,q24,CASCADE,2000,8,impulse,5.08709027e-08
ellip,q24,CASCADE,2000,8,rand,2.92538019e-07
ellip,q12,CASCADE,2000,8,impulse,2.26676069e-04
ellip,q12,CASCADE,2000,8,rand,9.40120969e-02
ellip,q24,CASCADE,5000,8,impulse,4.98800954e-08
ellip,q24,CASCADE,5000,8,rand,5.23201628e-08
ellip,q12,CASCADE,5000,8,impulse,1.70843818e-04
ellip,q12,CASCADE,5000,8,rand,6.29251860e-04
bessel,q24,CASCADE,1000,2,impulse,2.21275999e-09
bessel,q24,CASCADE,1000,2,rand,3.95243429e-07
bessel,q12,CASCADE,1000,2,impulse,1.12117215e-05
bessel,q12,CASCADE,1000,2,rand,9.66999505e-02
bessel,q24,CASCADE,2000,2,impulse,1.21958392e-09
bessel,q24,CASCADE,2000,2,rand,2.49189429e-07
bessel,q12,CASCADE,2000,2,impulse,3.10181016e-06
bessel,q12,CASCADE,2000,2,rand,2.77051075e-02
bessel,q24,CASCADE,5000,2,impulse,3.01543869e-10
bessel,q24,CASCADE,5000,2,rand,4.15744338e-08
bessel,q12,CASCADE,5000,2,impulse,8.15719382e-07
bessel,q12,CASCADE,5000,2,rand,2.31949514e-04
bessel,q24,CASCADE,1000,4,impulse,1.69720501e-05
bessel,q24,CASCADE,1000,4,rand,1.71670173e-04
bessel,q12,CASCADE,1000,4,impulse,2.48950277e-04
bessel,q12,CASCADE,1000,4,rand,7.13578491e-02
bessel,q24,CASCADE,2000,4,impulse,3.57700281e-06
bessel,q24,CASCADE,2000,4,rand,1.11394410e-05
bessel,q12,CASCADE,2000,4,impulse,2.68467591e-02
bessel,q12,CASCADE,2000,4,rand,6.17562685e-02
bessel,q24,CASCADE,5000,4,impulse,6.22014070e-09
bessel,q24,CASCADE,5000,4,rand,1.33732730e-06
bessel,q12,CASCADE,5000,4,impulse,3.65224969e-03
bessel,q12,CASCADE,5000,4,rand,1.52246023e-03
bessel,q24,CASCADE,1000,6,impulse,3.44746972e-03
bessel,q24,CASCADE,1000,6,rand,5.04486538e-02
bessel,q12,CASCADE,1000,6,impulse,2.48452652e-04
bessel,q12,CASCADE,1000,6,rand,4.70930889e-02
bessel,q24,CASCADE,2000,6,impulse,2.34060715e-04
bessel,q24,CASCADE,2000,6,rand,6.50981410e-04
bessel,q12,CASCADE,2000,6,impulse,2.48884767e-04
bessel,q12,CASCADE,2000,6,rand,7.76445712e-02
bessel,q24,CASCADE,5000,6,impulse,9.39216487e-06
bessel,q24,CASCADE,5000,6,rand,8.23943985e-06
bessel,q12,CASCADE,5000,6,impulse,3.75708963e-02
bessel,q12,CASCADE,5000,6,rand,6.29052839e-02
bessel,q24,CASCADE,1000,8,impulse,2.46980341e-04
bessel,q24,CASCADE,1000,8,rand,3.77425010e-02
bessel,q12,CASCADE,1000,8,impulse,2.46980341e-04
bessel,q12,CASCADE,1000,8,rand,5.84770597e-02
bessel,q24,CASCADE,2000,8,impulse,1.93631706e-02
bessel,q24,CASCADE,2000,8,rand,5.07441832e-02
bessel,q12,CASCADE,2000,8,impulse,2.47463415e-04
bessel,q12,CASCADE,2000,8,rand,6.57733499e-02
bessel,q24,CASCADE,5000,8,impulse,1.48127054e-04
bessel,q24,CASCADE,5000,8,rand,7.41339899e-05
bessel,q12,CASCADE,5000,8,impulse,2.52042727e-04
bessel,q12,CASCADE,5000,8,rand,1.49790738e-01
